group_id,file_path
1,/Users/rishisharma/Dhurandhar/Plant_leave_diseases_dataset_with_augmentation/Apple___Black_rot/image (120).JPG
1,/Users/rishisharma/Dhurandhar/Plant_leave_diseases_dataset_with_augmentation/Apple___Black_rot/image (491).JPG
2,/Users/rishisharma/Dhurandhar/Plant_leave_diseases_dataset_with_augmentation/Apple___Black_rot/image (472).JPG
2,/Users/rishisharma/Dhurandhar/Plant_leave_diseases_dataset_with_augmentation/Apple___Black_rot/image (473).JPG
3,/Users/rishisharma/Dhurandhar/Plant_leave_diseases_dataset_with_augmentation/Apple___Black_rot/image (494).JPG
3,/Users/rishisharma/Dhurandhar/Plant_leave_diseases_dataset_with_augmentation/Apple___Black_rot/image (495).JPG
4,/Users/rishisharma/Dhurandhar/Plant_leave_diseases_dataset_with_augmentation/Apple___Black_rot/image (544).JPG
4,/Users/rishisharma/Dhurandhar/Plant_leave_diseases_dataset_with_augmentation/Apple___Black_rot/image (545).JPG
5,/Users/rishisharma/Dhurandhar/Plant_leave_diseases_dataset_with_augmentation/Apple___Black_rot/image (570).JPG
5,/Users/rishisharma/Dhurandhar/Plant_leave_diseases_dataset_with_augmentation/Apple___Black_rot/image (572).JPG
6,/Users/rishisharma/Dhurandhar/Plant_leave_diseases_dataset_with_augmentation/Apple___Black_rot/image (578).JPG
6,/Users/rishisharma/Dhurandhar/Plant_leave_diseases_dataset_with_augmentation/Apple___Black_rot/image (579).JPG
7,/Users/rishisharma/Dhurandhar/Plant_leave_diseases_dataset_with_augmentation/Apple___Black_rot/image (612).JPG
7,/Users/rishisharma/Dhurandhar/Plant_leave_diseases_dataset_with_augmentation/Apple___Black_rot/image (613).JPG
8,/Users/rishisharma/Dhurandhar/Plant_leave_diseases_dataset_with_augmentation/Apple___Black_rot/image (619).JPG
8,/Users/rishisharma/Dhurandhar/Plant_leave_diseases_dataset_with_augmentation/Apple___Black_rot/image (620).JPG
9,/Users/rishisharma/Dhurandhar/Plant_leave_diseases_dataset_with_augmentation/Apple___Black_rot/image (621).JPG
9,/Users/rishisharma/Dhurandhar/Plant_leave_diseases_dataset_with_augmentation/Apple___Black_rot/image (622).JPG
10,/Users/rishisharma/Dhurandhar/Plant_leave_diseases_dataset_with_augmentation/Apple___Black_rot/image (626).JPG
10,/Users/rishisharma/Dhurandhar/Plant_leave_diseases_dataset_with_augmentation/Apple___Black_rot/image (627).JPG
11,/Users/rishisharma/Dhurandhar/Plant_leave_diseases_dataset_with_augmentation/Apple___Black_rot/image (642).JPG
11,/Users/rishisharma/Dhurandhar/Plant_leave_diseases_dataset_with_augmentation/Apple___Black_rot/image (645).JPG
12,/Users/rishisharma/Dhurandhar/Plant_leave_diseases_dataset_with_augmentation/Apple___Black_rot/image (676).JPG
12,/Users/rishisharma/Dhurandhar/Plant_leave_diseases_dataset_with_augmentation/Apple___Black_rot/image (677).JPG
13,/Users/rishisharma/Dhurandhar/Plant_leave_diseases_dataset_with_augmentation/Apple___Black_rot/image (680).JPG
13,/Users/rishisharma/Dhurandhar/Plant_leave_diseases_dataset_with_augmentation/Apple___Black_rot/image (681).JPG
14,/Users/rishisharma/Dhurandhar/Plant_leave_diseases_dataset_with_augmentation/Apple___Black_rot/image (682).JPG
14,/Users/rishisharma/Dhurandhar/Plant_leave_diseases_dataset_with_augmentation/Apple___Black_rot/image (683).JPG
15,/Users/rishisharma/Dhurandhar/Plant_leave_diseases_dataset_with_augmentation/Apple___Black_rot/image (693).JPG
15,/Users/rishisharma/Dhurandhar/Plant_leave_diseases_dataset_with_augmentation/Apple___Black_rot/image (824).JPG
16,/Users/rishisharma/Dhurandhar/Plant_leave_diseases_dataset_with_augmentation/Apple___Black_rot/image (697).JPG
16,/Users/rishisharma/Dhurandhar/Plant_leave_diseases_dataset_with_augmentation/Apple___Black_rot/image (699).JPG
17,/Users/rishisharma/Dhurandhar/Plant_leave_diseases_dataset_with_augmentation/Apple___Black_rot/image (719).JPG
17,/Users/rishisharma/Dhurandhar/Plant_leave_diseases_dataset_with_augmentation/Apple___Black_rot/image (720).JPG
18,/Users/rishisharma/Dhurandhar/Plant_leave_diseases_dataset_with_augmentation/Apple___Black_rot/image (739).JPG
18,/Users/rishisharma/Dhurandhar/Plant_leave_diseases_dataset_with_augmentation/Apple___Black_rot/image (915).JPG
19,/Users/rishisharma/Dhurandhar/Plant_leave_diseases_dataset_with_augmentation/Apple___Black_rot/image (761).JPG
19,/Users/rishisharma/Dhurandhar/Plant_leave_diseases_dataset_with_augmentation/Apple___Black_rot/image (762).JPG
20,/Users/rishisharma/Dhurandhar/Plant_leave_diseases_dataset_with_augmentation/Apple___Black_rot/image (776).JPG
20,/Users/rishisharma/Dhurandhar/Plant_leave_diseases_dataset_with_augmentation/Apple___Black_rot/image (777).JPG
21,/Users/rishisharma/Dhurandhar/Plant_leave_diseases_dataset_with_augmentation/Apple___Black_rot/image (799).JPG
21,/Users/rishisharma/Dhurandhar/Plant_leave_diseases_dataset_with_augmentation/Apple___Black_rot/image (800).JPG
22,/Users/rishisharma/Dhurandhar/Plant_leave_diseases_dataset_with_augmentation/Apple___Cedar_apple_rust/image (1).JPG
22,/Users/rishisharma/Dhurandhar/Plant_leave_diseases_dataset_with_augmentation/Apple___Cedar_apple_rust/image (194).JPG
23,/Users/rishisharma/Dhurandhar/Plant_leave_diseases_dataset_with_augmentation/Apple___Cedar_apple_rust/image (101).JPG
23,/Users/rishisharma/Dhurandhar/Plant_leave_diseases_dataset_with_augmentation/Apple___Cedar_apple_rust/image (458).JPG
24,/Users/rishisharma/Dhurandhar/Plant_leave_diseases_dataset_with_augmentation/Apple___Cedar_apple_rust/image (105).JPG
24,/Users/rishisharma/Dhurandhar/Plant_leave_diseases_dataset_with_augmentation/Apple___Cedar_apple_rust/image (466).JPG
25,/Users/rishisharma/Dhurandhar/Plant_leave_diseases_dataset_with_augmentation/Apple___Cedar_apple_rust/image (114).JPG
25,/Users/rishisharma/Dhurandhar/Plant_leave_diseases_dataset_with_augmentation/Apple___Cedar_apple_rust/image (484).JPG
26,/Users/rishisharma/Dhurandhar/Plant_leave_diseases_dataset_with_augmentation/Apple___Cedar_apple_rust/image (119).JPG
26,/Users/rishisharma/Dhurandhar/Plant_leave_diseases_dataset_with_augmentation/Apple___Cedar_apple_rust/image (497).JPG
27,/Users/rishisharma/Dhurandhar/Plant_leave_diseases_dataset_with_augmentation/Apple___Cedar_apple_rust/image (122).JPG
27,/Users/rishisharma/Dhurandhar/Plant_leave_diseases_dataset_with_augmentation/Apple___Cedar_apple_rust/image (502).JPG
28,/Users/rishisharma/Dhurandhar/Plant_leave_diseases_dataset_with_augmentation/Apple___Cedar_apple_rust/image (129).JPG
28,/Users/rishisharma/Dhurandhar/Plant_leave_diseases_dataset_with_augmentation/Apple___Cedar_apple_rust/image (518).JPG
29,/Users/rishisharma/Dhurandhar/Plant_leave_diseases_dataset_with_augmentation/Apple___Cedar_apple_rust/image (144).JPG
29,/Users/rishisharma/Dhurandhar/Plant_leave_diseases_dataset_with_augmentation/Apple___Cedar_apple_rust/image (557).JPG
30,/Users/rishisharma/Dhurandhar/Plant_leave_diseases_dataset_with_augmentation/Apple___Cedar_apple_rust/image (146).JPG
30,/Users/rishisharma/Dhurandhar/Plant_leave_diseases_dataset_with_augmentation/Apple___Cedar_apple_rust/image (564).JPG
31,/Users/rishisharma/Dhurandhar/Plant_leave_diseases_dataset_with_augmentation/Apple___Cedar_apple_rust/image (156).JPG
31,/Users/rishisharma/Dhurandhar/Plant_leave_diseases_dataset_with_augmentation/Apple___Cedar_apple_rust/image (584).JPG
32,/Users/rishisharma/Dhurandhar/Plant_leave_diseases_dataset_with_augmentation/Apple___Cedar_apple_rust/image (159).JPG
32,/Users/rishisharma/Dhurandhar/Plant_leave_diseases_dataset_with_augmentation/Apple___Cedar_apple_rust/image (592).JPG
33,/Users/rishisharma/Dhurandhar/Plant_leave_diseases_dataset_with_augmentation/Apple___Cedar_apple_rust/image (164).JPG
33,/Users/rishisharma/Dhurandhar/Plant_leave_diseases_dataset_with_augmentation/Apple___Cedar_apple_rust/image (606).JPG
34,/Users/rishisharma/Dhurandhar/Plant_leave_diseases_dataset_with_augmentation/Apple___Cedar_apple_rust/image (177).JPG
34,/Users/rishisharma/Dhurandhar/Plant_leave_diseases_dataset_with_augmentation/Apple___Cedar_apple_rust/image (646).JPG
35,/Users/rishisharma/Dhurandhar/Plant_leave_diseases_dataset_with_augmentation/Apple___Cedar_apple_rust/image (181).JPG
35,/Users/rishisharma/Dhurandhar/Plant_leave_diseases_dataset_with_augmentation/Apple___Cedar_apple_rust/image (660).JPG
36,/Users/rishisharma/Dhurandhar/Plant_leave_diseases_dataset_with_augmentation/Apple___Cedar_apple_rust/image (197).JPG
36,/Users/rishisharma/Dhurandhar/Plant_leave_diseases_dataset_with_augmentation/Apple___Cedar_apple_rust/image (198).JPG
37,/Users/rishisharma/Dhurandhar/Plant_leave_diseases_dataset_with_augmentation/Apple___Cedar_apple_rust/image (202).JPG
37,/Users/rishisharma/Dhurandhar/Plant_leave_diseases_dataset_with_augmentation/Apple___Cedar_apple_rust/image (3).JPG
38,/Users/rishisharma/Dhurandhar/Plant_leave_diseases_dataset_with_augmentation/Apple___Cedar_apple_rust/image (208).JPG
38,/Users/rishisharma/Dhurandhar/Plant_leave_diseases_dataset_with_augmentation/Apple___Cedar_apple_rust/image (209).JPG
39,/Users/rishisharma/Dhurandhar/Plant_leave_diseases_dataset_with_augmentation/Apple___Cedar_apple_rust/image (211).JPG
39,/Users/rishisharma/Dhurandhar/Plant_leave_diseases_dataset_with_augmentation/Apple___Cedar_apple_rust/image (214).JPG
40,/Users/rishisharma/Dhurandhar/Plant_leave_diseases_dataset_with_augmentation/Apple___Cedar_apple_rust/image (212).JPG
40,/Users/rishisharma/Dhurandhar/Plant_leave_diseases_dataset_with_augmentation/Apple___Cedar_apple_rust/image (213).JPG
41,/Users/rishisharma/Dhurandhar/Plant_leave_diseases_dataset_with_augmentation/Apple___Cedar_apple_rust/image (217).JPG
41,/Users/rishisharma/Dhurandhar/Plant_leave_diseases_dataset_with_augmentation/Apple___Cedar_apple_rust/image (218).JPG
42,/Users/rishisharma/Dhurandhar/Plant_leave_diseases_dataset_with_augmentation/Apple___Cedar_apple_rust/image (223).JPG
42,/Users/rishisharma/Dhurandhar/Plant_leave_diseases_dataset_with_augmentation/Apple___Cedar_apple_rust/image (224).JPG
43,/Users/rishisharma/Dhurandhar/Plant_leave_diseases_dataset_with_augmentation/Apple___Cedar_apple_rust/image (228).JPG
43,/Users/rishisharma/Dhurandhar/Plant_leave_diseases_dataset_with_augmentation/Apple___Cedar_apple_rust/image (231).JPG
44,/Users/rishisharma/Dhurandhar/Plant_leave_diseases_dataset_with_augmentation/Apple___Cedar_apple_rust/image (229).JPG
44,/Users/rishisharma/Dhurandhar/Plant_leave_diseases_dataset_with_augmentation/Apple___Cedar_apple_rust/image (230).JPG
45,/Users/rishisharma/Dhurandhar/Plant_leave_diseases_dataset_with_augmentation/Apple___Cedar_apple_rust/image (241).JPG
45,/Users/rishisharma/Dhurandhar/Plant_leave_diseases_dataset_with_augmentation/Apple___Cedar_apple_rust/image (243).JPG
46,/Users/rishisharma/Dhurandhar/Plant_leave_diseases_dataset_with_augmentation/Apple___Cedar_apple_rust/image (247).JPG
46,/Users/rishisharma/Dhurandhar/Plant_leave_diseases_dataset_with_augmentation/Apple___Cedar_apple_rust/image (249).JPG
46,/Users/rishisharma/Dhurandhar/Plant_leave_diseases_dataset_with_augmentation/Apple___Cedar_apple_rust/image (250).JPG
47,/Users/rishisharma/Dhurandhar/Plant_leave_diseases_dataset_with_augmentation/Apple___Cedar_apple_rust/image (253).JPG
47,/Users/rishisharma/Dhurandhar/Plant_leave_diseases_dataset_with_augmentation/Apple___Cedar_apple_rust/image (254).JPG
48,/Users/rishisharma/Dhurandhar/Plant_leave_diseases_dataset_with_augmentation/Apple___Cedar_apple_rust/image (255).JPG
48,/Users/rishisharma/Dhurandhar/Plant_leave_diseases_dataset_with_augmentation/Apple___Cedar_apple_rust/image (256).JPG
49,/Users/rishisharma/Dhurandhar/Plant_leave_diseases_dataset_with_augmentation/Apple___Cedar_apple_rust/image (258).JPG
49,/Users/rishisharma/Dhurandhar/Plant_leave_diseases_dataset_with_augmentation/Apple___Cedar_apple_rust/image (259).JPG
50,/Users/rishisharma/Dhurandhar/Plant_leave_diseases_dataset_with_augmentation/Apple___Cedar_apple_rust/image (267).JPG
50,/Users/rishisharma/Dhurandhar/Plant_leave_diseases_dataset_with_augmentation/Apple___Cedar_apple_rust/image (268).JPG
51,/Users/rishisharma/Dhurandhar/Plant_leave_diseases_dataset_with_augmentation/Apple___Cedar_apple_rust/image (271).JPG
51,/Users/rishisharma/Dhurandhar/Plant_leave_diseases_dataset_with_augmentation/Apple___Cedar_apple_rust/image (273).JPG
51,/Users/rishisharma/Dhurandhar/Plant_leave_diseases_dataset_with_augmentation/Apple___Cedar_apple_rust/image (275).JPG
51,/Users/rishisharma/Dhurandhar/Plant_leave_diseases_dataset_with_augmentation/Apple___Cedar_apple_rust/image (276).JPG
51,/Users/rishisharma/Dhurandhar/Plant_leave_diseases_dataset_with_augmentation/Apple___Cedar_apple_rust/image (278).JPG
52,/Users/rishisharma/Dhurandhar/Plant_leave_diseases_dataset_with_augmentation/Apple___Cedar_apple_rust/image (274).JPG
52,/Users/rishisharma/Dhurandhar/Plant_leave_diseases_dataset_with_augmentation/Apple___Cedar_apple_rust/image (32).JPG
53,/Users/rishisharma/Dhurandhar/Plant_leave_diseases_dataset_with_augmentation/Apple___Cedar_apple_rust/image (285).JPG
53,/Users/rishisharma/Dhurandhar/Plant_leave_diseases_dataset_with_augmentation/Apple___Cedar_apple_rust/image (37).JPG
54,/Users/rishisharma/Dhurandhar/Plant_leave_diseases_dataset_with_augmentation/Apple___Cedar_apple_rust/image (287).JPG
54,/Users/rishisharma/Dhurandhar/Plant_leave_diseases_dataset_with_augmentation/Apple___Cedar_apple_rust/image (288).JPG
54,/Users/rishisharma/Dhurandhar/Plant_leave_diseases_dataset_with_augmentation/Apple___Cedar_apple_rust/image (289).JPG
55,/Users/rishisharma/Dhurandhar/Plant_leave_diseases_dataset_with_augmentation/Apple___Cedar_apple_rust/image (293).JPG
55,/Users/rishisharma/Dhurandhar/Plant_leave_diseases_dataset_with_augmentation/Apple___Cedar_apple_rust/image (294).JPG
56,/Users/rishisharma/Dhurandhar/Plant_leave_diseases_dataset_with_augmentation/Apple___Cedar_apple_rust/image (298).JPG
56,/Users/rishisharma/Dhurandhar/Plant_leave_diseases_dataset_with_augmentation/Apple___Cedar_apple_rust/image (299).JPG
57,/Users/rishisharma/Dhurandhar/Plant_leave_diseases_dataset_with_augmentation/Apple___Cedar_apple_rust/image (300).JPG
57,/Users/rishisharma/Dhurandhar/Plant_leave_diseases_dataset_with_augmentation/Apple___Cedar_apple_rust/image (302).JPG
57,/Users/rishisharma/Dhurandhar/Plant_leave_diseases_dataset_with_augmentation/Apple___Cedar_apple_rust/image (303).JPG
58,/Users/rishisharma/Dhurandhar/Plant_leave_diseases_dataset_with_augmentation/Apple___Cedar_apple_rust/image (308).JPG
58,/Users/rishisharma/Dhurandhar/Plant_leave_diseases_dataset_with_augmentation/Apple___Cedar_apple_rust/image (311).JPG
59,/Users/rishisharma/Dhurandhar/Plant_leave_diseases_dataset_with_augmentation/Apple___Cedar_apple_rust/image (312).JPG
59,/Users/rishisharma/Dhurandhar/Plant_leave_diseases_dataset_with_augmentation/Apple___Cedar_apple_rust/image (313).JPG
60,/Users/rishisharma/Dhurandhar/Plant_leave_diseases_dataset_with_augmentation/Apple___Cedar_apple_rust/image (314).JPG
60,/Users/rishisharma/Dhurandhar/Plant_leave_diseases_dataset_with_augmentation/Apple___Cedar_apple_rust/image (315).JPG
61,/Users/rishisharma/Dhurandhar/Plant_leave_diseases_dataset_with_augmentation/Apple___Cedar_apple_rust/image (318).JPG
61,/Users/rishisharma/Dhurandhar/Plant_leave_diseases_dataset_with_augmentation/Apple___Cedar_apple_rust/image (319).JPG
61,/Users/rishisharma/Dhurandhar/Plant_leave_diseases_dataset_with_augmentation/Apple___Cedar_apple_rust/image (322).JPG
62,/Users/rishisharma/Dhurandhar/Plant_leave_diseases_dataset_with_augmentation/Apple___Cedar_apple_rust/image (324).JPG
62,/Users/rishisharma/Dhurandhar/Plant_leave_diseases_dataset_with_augmentation/Apple___Cedar_apple_rust/image (325).JPG
63,/Users/rishisharma/Dhurandhar/Plant_leave_diseases_dataset_with_augmentation/Apple___Cedar_apple_rust/image (327).JPG
63,/Users/rishisharma/Dhurandhar/Plant_leave_diseases_dataset_with_augmentation/Apple___Cedar_apple_rust/image (328).JPG
64,/Users/rishisharma/Dhurandhar/Plant_leave_diseases_dataset_with_augmentation/Apple___Cedar_apple_rust/image (329).JPG
64,/Users/rishisharma/Dhurandhar/Plant_leave_diseases_dataset_with_augmentation/Apple___Cedar_apple_rust/image (330).JPG
65,/Users/rishisharma/Dhurandhar/Plant_leave_diseases_dataset_with_augmentation/Apple___Cedar_apple_rust/image (332).JPG
65,/Users/rishisharma/Dhurandhar/Plant_leave_diseases_dataset_with_augmentation/Apple___Cedar_apple_rust/image (334).JPG
65,/Users/rishisharma/Dhurandhar/Plant_leave_diseases_dataset_with_augmentation/Apple___Cedar_apple_rust/image (336).JPG
66,/Users/rishisharma/Dhurandhar/Plant_leave_diseases_dataset_with_augmentation/Apple___Cedar_apple_rust/image (338).JPG
66,/Users/rishisharma/Dhurandhar/Plant_leave_diseases_dataset_with_augmentation/Apple___Cedar_apple_rust/image (340).JPG
67,/Users/rishisharma/Dhurandhar/Plant_leave_diseases_dataset_with_augmentation/Apple___Cedar_apple_rust/image (345).JPG
67,/Users/rishisharma/Dhurandhar/Plant_leave_diseases_dataset_with_augmentation/Apple___Cedar_apple_rust/image (56).JPG
68,/Users/rishisharma/Dhurandhar/Plant_leave_diseases_dataset_with_augmentation/Apple___Cedar_apple_rust/image (368).JPG
68,/Users/rishisharma/Dhurandhar/Plant_leave_diseases_dataset_with_augmentation/Apple___Cedar_apple_rust/image (370).JPG
69,/Users/rishisharma/Dhurandhar/Plant_leave_diseases_dataset_with_augmentation/Apple___Cedar_apple_rust/image (372).JPG
69,/Users/rishisharma/Dhurandhar/Plant_leave_diseases_dataset_with_augmentation/Apple___Cedar_apple_rust/image (70).JPG
70,/Users/rishisharma/Dhurandhar/Plant_leave_diseases_dataset_with_augmentation/Apple___Cedar_apple_rust/image (374).JPG
70,/Users/rishisharma/Dhurandhar/Plant_leave_diseases_dataset_with_augmentation/Apple___Cedar_apple_rust/image (376).JPG
71,/Users/rishisharma/Dhurandhar/Plant_leave_diseases_dataset_with_augmentation/Apple___Cedar_apple_rust/image (382).JPG
71,/Users/rishisharma/Dhurandhar/Plant_leave_diseases_dataset_with_augmentation/Apple___Cedar_apple_rust/image (384).JPG
72,/Users/rishisharma/Dhurandhar/Plant_leave_diseases_dataset_with_augmentation/Apple___Cedar_apple_rust/image (386).JPG
72,/Users/rishisharma/Dhurandhar/Plant_leave_diseases_dataset_with_augmentation/Apple___Cedar_apple_rust/image (389).JPG
73,/Users/rishisharma/Dhurandhar/Plant_leave_diseases_dataset_with_augmentation/Apple___Cedar_apple_rust/image (395).JPG
73,/Users/rishisharma/Dhurandhar/Plant_leave_diseases_dataset_with_augmentation/Apple___Cedar_apple_rust/image (396).JPG
74,/Users/rishisharma/Dhurandhar/Plant_leave_diseases_dataset_with_augmentation/Apple___Cedar_apple_rust/image (404).JPG
74,/Users/rishisharma/Dhurandhar/Plant_leave_diseases_dataset_with_augmentation/Apple___Cedar_apple_rust/image (83).JPG
75,/Users/rishisharma/Dhurandhar/Plant_leave_diseases_dataset_with_augmentation/Apple___Cedar_apple_rust/image (405).JPG
75,/Users/rishisharma/Dhurandhar/Plant_leave_diseases_dataset_with_augmentation/Apple___Cedar_apple_rust/image (406).JPG
75,/Users/rishisharma/Dhurandhar/Plant_leave_diseases_dataset_with_augmentation/Apple___Cedar_apple_rust/image (407).JPG
76,/Users/rishisharma/Dhurandhar/Plant_leave_diseases_dataset_with_augmentation/Apple___Cedar_apple_rust/image (410).JPG
76,/Users/rishisharma/Dhurandhar/Plant_leave_diseases_dataset_with_augmentation/Apple___Cedar_apple_rust/image (412).JPG
77,/Users/rishisharma/Dhurandhar/Plant_leave_diseases_dataset_with_augmentation/Apple___Cedar_apple_rust/image (413).JPG
77,/Users/rishisharma/Dhurandhar/Plant_leave_diseases_dataset_with_augmentation/Apple___Cedar_apple_rust/image (414).JPG
78,/Users/rishisharma/Dhurandhar/Plant_leave_diseases_dataset_with_augmentation/Apple___Cedar_apple_rust/image (426).JPG
78,/Users/rishisharma/Dhurandhar/Plant_leave_diseases_dataset_with_augmentation/Apple___Cedar_apple_rust/image (427).JPG
79,/Users/rishisharma/Dhurandhar/Plant_leave_diseases_dataset_with_augmentation/Apple___Cedar_apple_rust/image (436).JPG
79,/Users/rishisharma/Dhurandhar/Plant_leave_diseases_dataset_with_augmentation/Apple___Cedar_apple_rust/image (438).JPG
79,/Users/rishisharma/Dhurandhar/Plant_leave_diseases_dataset_with_augmentation/Apple___Cedar_apple_rust/image (439).JPG
80,/Users/rishisharma/Dhurandhar/Plant_leave_diseases_dataset_with_augmentation/Apple___Cedar_apple_rust/image (443).JPG
80,/Users/rishisharma/Dhurandhar/Plant_leave_diseases_dataset_with_augmentation/Apple___Cedar_apple_rust/image (444).JPG
81,/Users/rishisharma/Dhurandhar/Plant_leave_diseases_dataset_with_augmentation/Apple___Cedar_apple_rust/image (445).JPG
81,/Users/rishisharma/Dhurandhar/Plant_leave_diseases_dataset_with_augmentation/Apple___Cedar_apple_rust/image (446).JPG
81,/Users/rishisharma/Dhurandhar/Plant_leave_diseases_dataset_with_augmentation/Apple___Cedar_apple_rust/image (447).JPG
82,/Users/rishisharma/Dhurandhar/Plant_leave_diseases_dataset_with_augmentation/Apple___Cedar_apple_rust/image (448).JPG
82,/Users/rishisharma/Dhurandhar/Plant_leave_diseases_dataset_with_augmentation/Apple___Cedar_apple_rust/image (450).JPG
83,/Users/rishisharma/Dhurandhar/Plant_leave_diseases_dataset_with_augmentation/Apple___Cedar_apple_rust/image (452).JPG
83,/Users/rishisharma/Dhurandhar/Plant_leave_diseases_dataset_with_augmentation/Apple___Cedar_apple_rust/image (453).JPG
84,/Users/rishisharma/Dhurandhar/Plant_leave_diseases_dataset_with_augmentation/Apple___Cedar_apple_rust/image (461).JPG
84,/Users/rishisharma/Dhurandhar/Plant_leave_diseases_dataset_with_augmentation/Apple___Cedar_apple_rust/image (462).JPG
85,/Users/rishisharma/Dhurandhar/Plant_leave_diseases_dataset_with_augmentation/Apple___Cedar_apple_rust/image (468).JPG
85,/Users/rishisharma/Dhurandhar/Plant_leave_diseases_dataset_with_augmentation/Apple___Cedar_apple_rust/image (469).JPG
86,/Users/rishisharma/Dhurandhar/Plant_leave_diseases_dataset_with_augmentation/Apple___Cedar_apple_rust/image (471).JPG
86,/Users/rishisharma/Dhurandhar/Plant_leave_diseases_dataset_with_augmentation/Apple___Cedar_apple_rust/image (472).JPG
87,/Users/rishisharma/Dhurandhar/Plant_leave_diseases_dataset_with_augmentation/Apple___Cedar_apple_rust/image (478).JPG
87,/Users/rishisharma/Dhurandhar/Plant_leave_diseases_dataset_with_augmentation/Apple___Cedar_apple_rust/image (481).JPG
88,/Users/rishisharma/Dhurandhar/Plant_leave_diseases_dataset_with_augmentation/Apple___Cedar_apple_rust/image (487).JPG
88,/Users/rishisharma/Dhurandhar/Plant_leave_diseases_dataset_with_augmentation/Apple___Cedar_apple_rust/image (488).JPG
89,/Users/rishisharma/Dhurandhar/Plant_leave_diseases_dataset_with_augmentation/Apple___Cedar_apple_rust/image (490).JPG
89,/Users/rishisharma/Dhurandhar/Plant_leave_diseases_dataset_with_augmentation/Apple___Cedar_apple_rust/image (491).JPG
90,/Users/rishisharma/Dhurandhar/Plant_leave_diseases_dataset_with_augmentation/Apple___Cedar_apple_rust/image (493).JPG
90,/Users/rishisharma/Dhurandhar/Plant_leave_diseases_dataset_with_augmentation/Apple___Cedar_apple_rust/image (494).JPG
91,/Users/rishisharma/Dhurandhar/Plant_leave_diseases_dataset_with_augmentation/Apple___Cedar_apple_rust/image (503).JPG
91,/Users/rishisharma/Dhurandhar/Plant_leave_diseases_dataset_with_augmentation/Apple___Cedar_apple_rust/image (506).JPG
92,/Users/rishisharma/Dhurandhar/Plant_leave_diseases_dataset_with_augmentation/Apple___Cedar_apple_rust/image (508).JPG
92,/Users/rishisharma/Dhurandhar/Plant_leave_diseases_dataset_with_augmentation/Apple___Cedar_apple_rust/image (509).JPG
93,/Users/rishisharma/Dhurandhar/Plant_leave_diseases_dataset_with_augmentation/Apple___Cedar_apple_rust/image (516).JPG
93,/Users/rishisharma/Dhurandhar/Plant_leave_diseases_dataset_with_augmentation/Apple___Cedar_apple_rust/image (520).JPG
94,/Users/rishisharma/Dhurandhar/Plant_leave_diseases_dataset_with_augmentation/Apple___Cedar_apple_rust/image (519).JPG
94,/Users/rishisharma/Dhurandhar/Plant_leave_diseases_dataset_with_augmentation/Apple___Cedar_apple_rust/image (521).JPG
95,/Users/rishisharma/Dhurandhar/Plant_leave_diseases_dataset_with_augmentation/Apple___Cedar_apple_rust/image (532).JPG
95,/Users/rishisharma/Dhurandhar/Plant_leave_diseases_dataset_with_augmentation/Apple___Cedar_apple_rust/image (533).JPG
95,/Users/rishisharma/Dhurandhar/Plant_leave_diseases_dataset_with_augmentation/Apple___Cedar_apple_rust/image (534).JPG
96,/Users/rishisharma/Dhurandhar/Plant_leave_diseases_dataset_with_augmentation/Apple___Cedar_apple_rust/image (537).JPG
96,/Users/rishisharma/Dhurandhar/Plant_leave_diseases_dataset_with_augmentation/Apple___Cedar_apple_rust/image (538).JPG
97,/Users/rishisharma/Dhurandhar/Plant_leave_diseases_dataset_with_augmentation/Apple___Cedar_apple_rust/image (548).JPG
97,/Users/rishisharma/Dhurandhar/Plant_leave_diseases_dataset_with_augmentation/Apple___Cedar_apple_rust/image (549).JPG
98,/Users/rishisharma/Dhurandhar/Plant_leave_diseases_dataset_with_augmentation/Apple___Cedar_apple_rust/image (554).JPG
98,/Users/rishisharma/Dhurandhar/Plant_leave_diseases_dataset_with_augmentation/Apple___Cedar_apple_rust/image (556).JPG
99,/Users/rishisharma/Dhurandhar/Plant_leave_diseases_dataset_with_augmentation/Apple___Cedar_apple_rust/image (559).JPG
99,/Users/rishisharma/Dhurandhar/Plant_leave_diseases_dataset_with_augmentation/Apple___Cedar_apple_rust/image (561).JPG
100,/Users/rishisharma/Dhurandhar/Plant_leave_diseases_dataset_with_augmentation/Apple___Cedar_apple_rust/image (562).JPG
100,/Users/rishisharma/Dhurandhar/Plant_leave_diseases_dataset_with_augmentation/Apple___Cedar_apple_rust/image (565).JPG
101,/Users/rishisharma/Dhurandhar/Plant_leave_diseases_dataset_with_augmentation/Apple___Cedar_apple_rust/image (572).JPG
101,/Users/rishisharma/Dhurandhar/Plant_leave_diseases_dataset_with_augmentation/Apple___Cedar_apple_rust/image (573).JPG
102,/Users/rishisharma/Dhurandhar/Plant_leave_diseases_dataset_with_augmentation/Apple___Cedar_apple_rust/image (576).JPG
102,/Users/rishisharma/Dhurandhar/Plant_leave_diseases_dataset_with_augmentation/Apple___Cedar_apple_rust/image (577).JPG
103,/Users/rishisharma/Dhurandhar/Plant_leave_diseases_dataset_with_augmentation/Apple___Cedar_apple_rust/image (590).JPG
103,/Users/rishisharma/Dhurandhar/Plant_leave_diseases_dataset_with_augmentation/Apple___Cedar_apple_rust/image (591).JPG
104,/Users/rishisharma/Dhurandhar/Plant_leave_diseases_dataset_with_augmentation/Apple___Cedar_apple_rust/image (599).JPG
104,/Users/rishisharma/Dhurandhar/Plant_leave_diseases_dataset_with_augmentation/Apple___Cedar_apple_rust/image (600).JPG
105,/Users/rishisharma/Dhurandhar/Plant_leave_diseases_dataset_with_augmentation/Apple___Cedar_apple_rust/image (601).JPG
105,/Users/rishisharma/Dhurandhar/Plant_leave_diseases_dataset_with_augmentation/Apple___Cedar_apple_rust/image (602).JPG
106,/Users/rishisharma/Dhurandhar/Plant_leave_diseases_dataset_with_augmentation/Apple___Cedar_apple_rust/image (607).JPG
106,/Users/rishisharma/Dhurandhar/Plant_leave_diseases_dataset_with_augmentation/Apple___Cedar_apple_rust/image (609).JPG
107,/Users/rishisharma/Dhurandhar/Plant_leave_diseases_dataset_with_augmentation/Apple___Cedar_apple_rust/image (608).JPG
107,/Users/rishisharma/Dhurandhar/Plant_leave_diseases_dataset_with_augmentation/Apple___Cedar_apple_rust/image (610).JPG
108,/Users/rishisharma/Dhurandhar/Plant_leave_diseases_dataset_with_augmentation/Apple___Cedar_apple_rust/image (616).JPG
108,/Users/rishisharma/Dhurandhar/Plant_leave_diseases_dataset_with_augmentation/Apple___Cedar_apple_rust/image (618).JPG
109,/Users/rishisharma/Dhurandhar/Plant_leave_diseases_dataset_with_augmentation/Apple___Cedar_apple_rust/image (621).JPG
109,/Users/rishisharma/Dhurandhar/Plant_leave_diseases_dataset_with_augmentation/Apple___Cedar_apple_rust/image (622).JPG
110,/Users/rishisharma/Dhurandhar/Plant_leave_diseases_dataset_with_augmentation/Apple___Cedar_apple_rust/image (624).JPG
110,/Users/rishisharma/Dhurandhar/Plant_leave_diseases_dataset_with_augmentation/Apple___Cedar_apple_rust/image (625).JPG
111,/Users/rishisharma/Dhurandhar/Plant_leave_diseases_dataset_with_augmentation/Apple___Cedar_apple_rust/image (627).JPG
111,/Users/rishisharma/Dhurandhar/Plant_leave_diseases_dataset_with_augmentation/Apple___Cedar_apple_rust/image (628).JPG
111,/Users/rishisharma/Dhurandhar/Plant_leave_diseases_dataset_with_augmentation/Apple___Cedar_apple_rust/image (629).JPG
112,/Users/rishisharma/Dhurandhar/Plant_leave_diseases_dataset_with_augmentation/Apple___Cedar_apple_rust/image (635).JPG
112,/Users/rishisharma/Dhurandhar/Plant_leave_diseases_dataset_with_augmentation/Apple___Cedar_apple_rust/image (637).JPG
113,/Users/rishisharma/Dhurandhar/Plant_leave_diseases_dataset_with_augmentation/Apple___Cedar_apple_rust/image (640).JPG
113,/Users/rishisharma/Dhurandhar/Plant_leave_diseases_dataset_with_augmentation/Apple___Cedar_apple_rust/image (643).JPG
114,/Users/rishisharma/Dhurandhar/Plant_leave_diseases_dataset_with_augmentation/Apple___Cedar_apple_rust/image (641).JPG
114,/Users/rishisharma/Dhurandhar/Plant_leave_diseases_dataset_with_augmentation/Apple___Cedar_apple_rust/image (642).JPG
115,/Users/rishisharma/Dhurandhar/Plant_leave_diseases_dataset_with_augmentation/Apple___Cedar_apple_rust/image (644).JPG
115,/Users/rishisharma/Dhurandhar/Plant_leave_diseases_dataset_with_augmentation/Apple___Cedar_apple_rust/image (645).JPG
116,/Users/rishisharma/Dhurandhar/Plant_leave_diseases_dataset_with_augmentation/Apple___Cedar_apple_rust/image (648).JPG
116,/Users/rishisharma/Dhurandhar/Plant_leave_diseases_dataset_with_augmentation/Apple___Cedar_apple_rust/image (649).JPG
117,/Users/rishisharma/Dhurandhar/Plant_leave_diseases_dataset_with_augmentation/Apple___Cedar_apple_rust/image (656).JPG
117,/Users/rishisharma/Dhurandhar/Plant_leave_diseases_dataset_with_augmentation/Apple___Cedar_apple_rust/image (657).JPG
118,/Users/rishisharma/Dhurandhar/Plant_leave_diseases_dataset_with_augmentation/Apple___Cedar_apple_rust/image (666).JPG
118,/Users/rishisharma/Dhurandhar/Plant_leave_diseases_dataset_with_augmentation/Apple___Cedar_apple_rust/image (667).JPG
119,/Users/rishisharma/Dhurandhar/Plant_leave_diseases_dataset_with_augmentation/Apple___Cedar_apple_rust/image (668).JPG
119,/Users/rishisharma/Dhurandhar/Plant_leave_diseases_dataset_with_augmentation/Apple___Cedar_apple_rust/image (669).JPG
120,/Users/rishisharma/Dhurandhar/Plant_leave_diseases_dataset_with_augmentation/Apple___Cedar_apple_rust/image (670).JPG
120,/Users/rishisharma/Dhurandhar/Plant_leave_diseases_dataset_with_augmentation/Apple___Cedar_apple_rust/image (671).JPG
121,/Users/rishisharma/Dhurandhar/Plant_leave_diseases_dataset_with_augmentation/Apple___Cedar_apple_rust/image (678).JPG
121,/Users/rishisharma/Dhurandhar/Plant_leave_diseases_dataset_with_augmentation/Apple___Cedar_apple_rust/image (679).JPG
122,/Users/rishisharma/Dhurandhar/Plant_leave_diseases_dataset_with_augmentation/Apple___Cedar_apple_rust/image (680).JPG
122,/Users/rishisharma/Dhurandhar/Plant_leave_diseases_dataset_with_augmentation/Apple___Cedar_apple_rust/image (681).JPG
123,/Users/rishisharma/Dhurandhar/Plant_leave_diseases_dataset_with_augmentation/Apple___Cedar_apple_rust/image (683).JPG
123,/Users/rishisharma/Dhurandhar/Plant_leave_diseases_dataset_with_augmentation/Apple___Cedar_apple_rust/image (686).JPG
124,/Users/rishisharma/Dhurandhar/Plant_leave_diseases_dataset_with_augmentation/Apple___Cedar_apple_rust/image (690).JPG
124,/Users/rishisharma/Dhurandhar/Plant_leave_diseases_dataset_with_augmentation/Apple___Cedar_apple_rust/image (691).JPG
125,/Users/rishisharma/Dhurandhar/Plant_leave_diseases_dataset_with_augmentation/Apple___Cedar_apple_rust/image (698).JPG
125,/Users/rishisharma/Dhurandhar/Plant_leave_diseases_dataset_with_augmentation/Apple___Cedar_apple_rust/image (699).JPG
125,/Users/rishisharma/Dhurandhar/Plant_leave_diseases_dataset_with_augmentation/Apple___Cedar_apple_rust/image (704).JPG
126,/Users/rishisharma/Dhurandhar/Plant_leave_diseases_dataset_with_augmentation/Apple___Cedar_apple_rust/image (701).JPG
126,/Users/rishisharma/Dhurandhar/Plant_leave_diseases_dataset_with_augmentation/Apple___Cedar_apple_rust/image (702).JPG
127,/Users/rishisharma/Dhurandhar/Plant_leave_diseases_dataset_with_augmentation/Apple___Cedar_apple_rust/image (706).JPG
127,/Users/rishisharma/Dhurandhar/Plant_leave_diseases_dataset_with_augmentation/Apple___Cedar_apple_rust/image (707).JPG
128,/Users/rishisharma/Dhurandhar/Plant_leave_diseases_dataset_with_augmentation/Apple___Cedar_apple_rust/image (712).JPG
128,/Users/rishisharma/Dhurandhar/Plant_leave_diseases_dataset_with_augmentation/Apple___Cedar_apple_rust/image (715).JPG
129,/Users/rishisharma/Dhurandhar/Plant_leave_diseases_dataset_with_augmentation/Apple___Cedar_apple_rust/image (718).JPG
129,/Users/rishisharma/Dhurandhar/Plant_leave_diseases_dataset_with_augmentation/Apple___Cedar_apple_rust/image (719).JPG
130,/Users/rishisharma/Dhurandhar/Plant_leave_diseases_dataset_with_augmentation/Apple___Cedar_apple_rust/image (720).JPG
130,/Users/rishisharma/Dhurandhar/Plant_leave_diseases_dataset_with_augmentation/Apple___Cedar_apple_rust/image (723).JPG
130,/Users/rishisharma/Dhurandhar/Plant_leave_diseases_dataset_with_augmentation/Apple___Cedar_apple_rust/image (724).JPG
131,/Users/rishisharma/Dhurandhar/Plant_leave_diseases_dataset_with_augmentation/Apple___Cedar_apple_rust/image (721).JPG
131,/Users/rishisharma/Dhurandhar/Plant_leave_diseases_dataset_with_augmentation/Apple___Cedar_apple_rust/image (722).JPG
131,/Users/rishisharma/Dhurandhar/Plant_leave_diseases_dataset_with_augmentation/Apple___Cedar_apple_rust/image (928).JPG
132,/Users/rishisharma/Dhurandhar/Plant_leave_diseases_dataset_with_augmentation/Apple___Cedar_apple_rust/image (725).JPG
132,/Users/rishisharma/Dhurandhar/Plant_leave_diseases_dataset_with_augmentation/Apple___Cedar_apple_rust/image (727).JPG
133,/Users/rishisharma/Dhurandhar/Plant_leave_diseases_dataset_with_augmentation/Apple___Cedar_apple_rust/image (726).JPG
133,/Users/rishisharma/Dhurandhar/Plant_leave_diseases_dataset_with_augmentation/Apple___Cedar_apple_rust/image (729).JPG
133,/Users/rishisharma/Dhurandhar/Plant_leave_diseases_dataset_with_augmentation/Apple___Cedar_apple_rust/image (730).JPG
134,/Users/rishisharma/Dhurandhar/Plant_leave_diseases_dataset_with_augmentation/Apple___Cedar_apple_rust/image (736).JPG
134,/Users/rishisharma/Dhurandhar/Plant_leave_diseases_dataset_with_augmentation/Apple___Cedar_apple_rust/image (738).JPG
135,/Users/rishisharma/Dhurandhar/Plant_leave_diseases_dataset_with_augmentation/Apple___Cedar_apple_rust/image (748).JPG
135,/Users/rishisharma/Dhurandhar/Plant_leave_diseases_dataset_with_augmentation/Apple___Cedar_apple_rust/image (937).JPG
136,/Users/rishisharma/Dhurandhar/Plant_leave_diseases_dataset_with_augmentation/Apple___Cedar_apple_rust/image (753).JPG
136,/Users/rishisharma/Dhurandhar/Plant_leave_diseases_dataset_with_augmentation/Apple___Cedar_apple_rust/image (754).JPG
137,/Users/rishisharma/Dhurandhar/Plant_leave_diseases_dataset_with_augmentation/Apple___Cedar_apple_rust/image (755).JPG
137,/Users/rishisharma/Dhurandhar/Plant_leave_diseases_dataset_with_augmentation/Apple___Cedar_apple_rust/image (757).JPG
138,/Users/rishisharma/Dhurandhar/Plant_leave_diseases_dataset_with_augmentation/Apple___Cedar_apple_rust/image (760).JPG
138,/Users/rishisharma/Dhurandhar/Plant_leave_diseases_dataset_with_augmentation/Apple___Cedar_apple_rust/image (762).JPG
139,/Users/rishisharma/Dhurandhar/Plant_leave_diseases_dataset_with_augmentation/Apple___Cedar_apple_rust/image (768).JPG
139,/Users/rishisharma/Dhurandhar/Plant_leave_diseases_dataset_with_augmentation/Apple___Cedar_apple_rust/image (769).JPG
140,/Users/rishisharma/Dhurandhar/Plant_leave_diseases_dataset_with_augmentation/Apple___Cedar_apple_rust/image (771).JPG
140,/Users/rishisharma/Dhurandhar/Plant_leave_diseases_dataset_with_augmentation/Apple___Cedar_apple_rust/image (945).JPG
141,/Users/rishisharma/Dhurandhar/Plant_leave_diseases_dataset_with_augmentation/Apple___Cedar_apple_rust/image (778).JPG
141,/Users/rishisharma/Dhurandhar/Plant_leave_diseases_dataset_with_augmentation/Apple___Cedar_apple_rust/image (779).JPG
141,/Users/rishisharma/Dhurandhar/Plant_leave_diseases_dataset_with_augmentation/Apple___Cedar_apple_rust/image (780).JPG
142,/Users/rishisharma/Dhurandhar/Plant_leave_diseases_dataset_with_augmentation/Apple___Cedar_apple_rust/image (782).JPG
142,/Users/rishisharma/Dhurandhar/Plant_leave_diseases_dataset_with_augmentation/Apple___Cedar_apple_rust/image (783).JPG
143,/Users/rishisharma/Dhurandhar/Plant_leave_diseases_dataset_with_augmentation/Apple___Cedar_apple_rust/image (785).JPG
143,/Users/rishisharma/Dhurandhar/Plant_leave_diseases_dataset_with_augmentation/Apple___Cedar_apple_rust/image (788).JPG
143,/Users/rishisharma/Dhurandhar/Plant_leave_diseases_dataset_with_augmentation/Apple___Cedar_apple_rust/image (789).JPG
144,/Users/rishisharma/Dhurandhar/Plant_leave_diseases_dataset_with_augmentation/Apple___Cedar_apple_rust/image (786).JPG
144,/Users/rishisharma/Dhurandhar/Plant_leave_diseases_dataset_with_augmentation/Apple___Cedar_apple_rust/image (787).JPG
145,/Users/rishisharma/Dhurandhar/Plant_leave_diseases_dataset_with_augmentation/Apple___Cedar_apple_rust/image (796).JPG
145,/Users/rishisharma/Dhurandhar/Plant_leave_diseases_dataset_with_augmentation/Apple___Cedar_apple_rust/image (954).JPG
146,/Users/rishisharma/Dhurandhar/Plant_leave_diseases_dataset_with_augmentation/Apple___Cedar_apple_rust/image (800).JPG
146,/Users/rishisharma/Dhurandhar/Plant_leave_diseases_dataset_with_augmentation/Apple___Cedar_apple_rust/image (801).JPG
147,/Users/rishisharma/Dhurandhar/Plant_leave_diseases_dataset_with_augmentation/Apple___Cedar_apple_rust/image (802).JPG
147,/Users/rishisharma/Dhurandhar/Plant_leave_diseases_dataset_with_augmentation/Apple___Cedar_apple_rust/image (803).JPG
148,/Users/rishisharma/Dhurandhar/Plant_leave_diseases_dataset_with_augmentation/Apple___Cedar_apple_rust/image (805).JPG
148,/Users/rishisharma/Dhurandhar/Plant_leave_diseases_dataset_with_augmentation/Apple___Cedar_apple_rust/image (806).JPG
149,/Users/rishisharma/Dhurandhar/Plant_leave_diseases_dataset_with_augmentation/Apple___Cedar_apple_rust/image (814).JPG
149,/Users/rishisharma/Dhurandhar/Plant_leave_diseases_dataset_with_augmentation/Apple___Cedar_apple_rust/image (961).JPG
150,/Users/rishisharma/Dhurandhar/Plant_leave_diseases_dataset_with_augmentation/Apple___Cedar_apple_rust/image (815).JPG
150,/Users/rishisharma/Dhurandhar/Plant_leave_diseases_dataset_with_augmentation/Apple___Cedar_apple_rust/image (816).JPG
151,/Users/rishisharma/Dhurandhar/Plant_leave_diseases_dataset_with_augmentation/Apple___Cedar_apple_rust/image (817).JPG
151,/Users/rishisharma/Dhurandhar/Plant_leave_diseases_dataset_with_augmentation/Apple___Cedar_apple_rust/image (820).JPG
152,/Users/rishisharma/Dhurandhar/Plant_leave_diseases_dataset_with_augmentation/Apple___Cedar_apple_rust/image (824).JPG
152,/Users/rishisharma/Dhurandhar/Plant_leave_diseases_dataset_with_augmentation/Apple___Cedar_apple_rust/image (827).JPG
153,/Users/rishisharma/Dhurandhar/Plant_leave_diseases_dataset_with_augmentation/Apple___Cedar_apple_rust/image (825).JPG
153,/Users/rishisharma/Dhurandhar/Plant_leave_diseases_dataset_with_augmentation/Apple___Cedar_apple_rust/image (826).JPG
154,/Users/rishisharma/Dhurandhar/Plant_leave_diseases_dataset_with_augmentation/Apple___Cedar_apple_rust/image (828).JPG
154,/Users/rishisharma/Dhurandhar/Plant_leave_diseases_dataset_with_augmentation/Apple___Cedar_apple_rust/image (829).JPG
155,/Users/rishisharma/Dhurandhar/Plant_leave_diseases_dataset_with_augmentation/Apple___Cedar_apple_rust/image (831).JPG
155,/Users/rishisharma/Dhurandhar/Plant_leave_diseases_dataset_with_augmentation/Apple___Cedar_apple_rust/image (836).JPG
156,/Users/rishisharma/Dhurandhar/Plant_leave_diseases_dataset_with_augmentation/Apple___Cedar_apple_rust/image (832).JPG
156,/Users/rishisharma/Dhurandhar/Plant_leave_diseases_dataset_with_augmentation/Apple___Cedar_apple_rust/image (835).JPG
157,/Users/rishisharma/Dhurandhar/Plant_leave_diseases_dataset_with_augmentation/Apple___Cedar_apple_rust/image (837).JPG
157,/Users/rishisharma/Dhurandhar/Plant_leave_diseases_dataset_with_augmentation/Apple___Cedar_apple_rust/image (840).JPG
158,/Users/rishisharma/Dhurandhar/Plant_leave_diseases_dataset_with_augmentation/Apple___Cedar_apple_rust/image (838).JPG
158,/Users/rishisharma/Dhurandhar/Plant_leave_diseases_dataset_with_augmentation/Apple___Cedar_apple_rust/image (841).JPG
159,/Users/rishisharma/Dhurandhar/Plant_leave_diseases_dataset_with_augmentation/Apple___Cedar_apple_rust/image (843).JPG
159,/Users/rishisharma/Dhurandhar/Plant_leave_diseases_dataset_with_augmentation/Apple___Cedar_apple_rust/image (845).JPG
160,/Users/rishisharma/Dhurandhar/Plant_leave_diseases_dataset_with_augmentation/Apple___Cedar_apple_rust/image (847).JPG
160,/Users/rishisharma/Dhurandhar/Plant_leave_diseases_dataset_with_augmentation/Apple___Cedar_apple_rust/image (971).JPG
161,/Users/rishisharma/Dhurandhar/Plant_leave_diseases_dataset_with_augmentation/Apple___Cedar_apple_rust/image (851).JPG
161,/Users/rishisharma/Dhurandhar/Plant_leave_diseases_dataset_with_augmentation/Apple___Cedar_apple_rust/image (854).JPG
162,/Users/rishisharma/Dhurandhar/Plant_leave_diseases_dataset_with_augmentation/Apple___Cedar_apple_rust/image (855).JPG
162,/Users/rishisharma/Dhurandhar/Plant_leave_diseases_dataset_with_augmentation/Apple___Cedar_apple_rust/image (857).JPG
162,/Users/rishisharma/Dhurandhar/Plant_leave_diseases_dataset_with_augmentation/Apple___Cedar_apple_rust/image (858).JPG
163,/Users/rishisharma/Dhurandhar/Plant_leave_diseases_dataset_with_augmentation/Apple___Cedar_apple_rust/image (864).JPG
163,/Users/rishisharma/Dhurandhar/Plant_leave_diseases_dataset_with_augmentation/Apple___Cedar_apple_rust/image (979).JPG
164,/Users/rishisharma/Dhurandhar/Plant_leave_diseases_dataset_with_augmentation/Apple___Cedar_apple_rust/image (866).JPG
164,/Users/rishisharma/Dhurandhar/Plant_leave_diseases_dataset_with_augmentation/Apple___Cedar_apple_rust/image (868).JPG
164,/Users/rishisharma/Dhurandhar/Plant_leave_diseases_dataset_with_augmentation/Apple___Cedar_apple_rust/image (869).JPG
165,/Users/rishisharma/Dhurandhar/Plant_leave_diseases_dataset_with_augmentation/Apple___Cedar_apple_rust/image (892).JPG
165,/Users/rishisharma/Dhurandhar/Plant_leave_diseases_dataset_with_augmentation/Apple___Cedar_apple_rust/image (893).JPG
166,/Users/rishisharma/Dhurandhar/Plant_leave_diseases_dataset_with_augmentation/Apple___Cedar_apple_rust/image (901).JPG
166,/Users/rishisharma/Dhurandhar/Plant_leave_diseases_dataset_with_augmentation/Apple___Cedar_apple_rust/image (904).JPG
167,/Users/rishisharma/Dhurandhar/Plant_leave_diseases_dataset_with_augmentation/Apple___Cedar_apple_rust/image (902).JPG
167,/Users/rishisharma/Dhurandhar/Plant_leave_diseases_dataset_with_augmentation/Apple___Cedar_apple_rust/image (905).JPG
168,/Users/rishisharma/Dhurandhar/Plant_leave_diseases_dataset_with_augmentation/Apple___Cedar_apple_rust/image (907).JPG
168,/Users/rishisharma/Dhurandhar/Plant_leave_diseases_dataset_with_augmentation/Apple___Cedar_apple_rust/image (995).JPG
169,/Users/rishisharma/Dhurandhar/Plant_leave_diseases_dataset_with_augmentation/Apple___healthy/image (1120).JPG
169,/Users/rishisharma/Dhurandhar/Plant_leave_diseases_dataset_with_augmentation/Apple___healthy/image (163).JPG
170,/Users/rishisharma/Dhurandhar/Plant_leave_diseases_dataset_with_augmentation/Apple___healthy/image (1272).JPG
170,/Users/rishisharma/Dhurandhar/Plant_leave_diseases_dataset_with_augmentation/Apple___healthy/image (908).JPG
171,/Users/rishisharma/Dhurandhar/Plant_leave_diseases_dataset_with_augmentation/Apple___healthy/image (1335).JPG
171,/Users/rishisharma/Dhurandhar/Plant_leave_diseases_dataset_with_augmentation/Apple___healthy/image (1447).JPG
172,/Users/rishisharma/Dhurandhar/Plant_leave_diseases_dataset_with_augmentation/Apple___healthy/image (1552).JPG
172,/Users/rishisharma/Dhurandhar/Plant_leave_diseases_dataset_with_augmentation/Apple___healthy/image (1631).JPG
173,/Users/rishisharma/Dhurandhar/Plant_leave_diseases_dataset_with_augmentation/Apple___healthy/image (375).JPG
173,/Users/rishisharma/Dhurandhar/Plant_leave_diseases_dataset_with_augmentation/Apple___healthy/image (846).JPG
174,/Users/rishisharma/Dhurandhar/Plant_leave_diseases_dataset_with_augmentation/Apple___healthy/image (408).JPG
174,/Users/rishisharma/Dhurandhar/Plant_leave_diseases_dataset_with_augmentation/Apple___healthy/image (904).JPG
175,/Users/rishisharma/Dhurandhar/Plant_leave_diseases_dataset_with_augmentation/Apple___healthy/image (54).JPG
175,/Users/rishisharma/Dhurandhar/Plant_leave_diseases_dataset_with_augmentation/Apple___healthy/image (834).JPG
176,/Users/rishisharma/Dhurandhar/Plant_leave_diseases_dataset_with_augmentation/Background_without_leaves/image (40).jpg
176,/Users/rishisharma/Dhurandhar/Plant_leave_diseases_dataset_with_augmentation/Background_without_leaves/image (60).jpg
176,/Users/rishisharma/Dhurandhar/Plant_leave_diseases_dataset_with_augmentation/Background_without_leaves/image (851).jpg
177,/Users/rishisharma/Dhurandhar/Plant_leave_diseases_dataset_with_augmentation/Tomato___Late_blight/image (109).JPG
177,/Users/rishisharma/Dhurandhar/Plant_leave_diseases_dataset_with_augmentation/Tomato___Late_blight/image (54).JPG
178,/Users/rishisharma/Dhurandhar/Plant_leave_diseases_dataset_with_augmentation/Tomato___Late_blight/image (1188).jpg
178,/Users/rishisharma/Dhurandhar/Plant_leave_diseases_dataset_with_augmentation/Tomato___Late_blight/image (1485).jpg
179,/Users/rishisharma/Dhurandhar/Plant_leave_diseases_dataset_with_augmentation/Tomato___Late_blight/image (1400).jpg
179,/Users/rishisharma/Dhurandhar/Plant_leave_diseases_dataset_with_augmentation/Tomato___Late_blight/image (590).jpg
180,/Users/rishisharma/Dhurandhar/Plant_leave_diseases_dataset_with_augmentation/Tomato___Late_blight/image (1578).JPG
180,/Users/rishisharma/Dhurandhar/Plant_leave_diseases_dataset_with_augmentation/Tomato___Late_blight/image (1627).JPG
181,/Users/rishisharma/Dhurandhar/Plant_leave_diseases_dataset_with_augmentation/Tomato___Late_blight/image (1598).jpg
181,/Users/rishisharma/Dhurandhar/Plant_leave_diseases_dataset_with_augmentation/Tomato___Late_blight/image (882).jpg
182,/Users/rishisharma/Dhurandhar/Plant_leave_diseases_dataset_with_augmentation/Tomato___Late_blight/image (1704).JPG
182,/Users/rishisharma/Dhurandhar/Plant_leave_diseases_dataset_with_augmentation/Tomato___Late_blight/image (275).JPG
183,/Users/rishisharma/Dhurandhar/Plant_leave_diseases_dataset_with_augmentation/Tomato___Late_blight/image (1748).JPG
183,/Users/rishisharma/Dhurandhar/Plant_leave_diseases_dataset_with_augmentation/Tomato___Late_blight/image (971).JPG
184,/Users/rishisharma/Dhurandhar/Plant_leave_diseases_dataset_with_augmentation/Tomato___Late_blight/image (182).jpg
184,/Users/rishisharma/Dhurandhar/Plant_leave_diseases_dataset_with_augmentation/Tomato___Late_blight/image (264).jpg
185,/Users/rishisharma/Dhurandhar/Plant_leave_diseases_dataset_with_augmentation/Tomato___healthy/image (1027).JPG
185,/Users/rishisharma/Dhurandhar/Plant_leave_diseases_dataset_with_augmentation/Tomato___healthy/image (682).JPG
186,/Users/rishisharma/Dhurandhar/Plant_leave_diseases_dataset_with_augmentation/Tomato___healthy/image (1305).JPG
186,/Users/rishisharma/Dhurandhar/Plant_leave_diseases_dataset_with_augmentation/Tomato___healthy/image (55).JPG
187,/Users/rishisharma/Dhurandhar/Plant_leave_diseases_dataset_with_augmentation/Tomato___healthy/image (1311).JPG
187,/Users/rishisharma/Dhurandhar/Plant_leave_diseases_dataset_with_augmentation/Tomato___healthy/image (984).JPG
188,/Users/rishisharma/Dhurandhar/Plant_leave_diseases_dataset_with_augmentation/Tomato___healthy/image (1457).JPG
188,/Users/rishisharma/Dhurandhar/Plant_leave_diseases_dataset_with_augmentation/Tomato___healthy/image (477).JPG
189,/Users/rishisharma/Dhurandhar/Plant_leave_diseases_dataset_with_augmentation/Tomato___healthy/image (474).JPG
189,/Users/rishisharma/Dhurandhar/Plant_leave_diseases_dataset_with_augmentation/Tomato___healthy/image (553).JPG
190,/Users/rishisharma/Dhurandhar/Plant_leave_diseases_dataset_with_augmentation/Tomato___healthy/image (943).JPG
190,/Users/rishisharma/Dhurandhar/Plant_leave_diseases_dataset_with_augmentation/Tomato___healthy/image (992).JPG
